[
{
  "model": "posts.post",
  "pk": 5,
  "fields": {
    "text": "tashkent market",
    "image": "posts/IMG_8777.jpeg",
    "author": 7,
    "created_at": "2023-03-27T10:33:59.185Z",
    "updated_at": "2023-04-21T00:37:03.088Z"
  }
},
{
  "model": "posts.post",
  "pk": 6,
  "fields": {
    "text": "",
    "image": "posts/photo_2023-03-28_13-07-40.jpg",
    "author": 1,
    "created_at": "2023-03-28T07:07:58.225Z",
    "updated_at": "2023-03-28T07:07:58.225Z"
  }
},
{
  "model": "posts.post",
  "pk": 7,
  "fields": {
    "text": "",
    "image": "posts/photo_2023-03-28_13-20-38.jpg",
    "author": 1,
    "created_at": "2023-03-28T07:20:55.685Z",
    "updated_at": "2023-03-28T07:20:55.685Z"
  }
},
{
  "model": "posts.post",
  "pk": 8,
  "fields": {
    "text": "",
    "image": "posts/IMG_8784_sFi8R4F.jpeg",
    "author": 2,
    "created_at": "2023-03-28T08:03:52.021Z",
    "updated_at": "2023-03-28T08:03:52.021Z"
  }
},
{
  "model": "posts.post",
  "pk": 9,
  "fields": {
    "text": "",
    "image": "posts/IMG_8761.jpeg",
    "author": 2,
    "created_at": "2023-03-28T08:08:22.523Z",
    "updated_at": "2023-03-28T08:08:22.523Z"
  }
},
{
  "model": "posts.post",
  "pk": 12,
  "fields": {
    "text": "",
    "image": "posts/maxresdefault27.jpg",
    "author": 11,
    "created_at": "2023-03-28T22:02:29.956Z",
    "updated_at": "2023-03-28T22:02:29.956Z"
  }
},
{
  "model": "posts.post",
  "pk": 13,
  "fields": {
    "text": "",
    "image": "posts/5TH_ELEMENT_PLAVALAGUNA_RIGGED_FULL_AVATAR_2021_1.jpg",
    "author": 11,
    "created_at": "2023-03-29T00:00:52.316Z",
    "updated_at": "2023-03-29T00:00:52.316Z"
  }
},
{
  "model": "posts.post",
  "pk": 14,
  "fields": {
    "text": "",
    "image": "posts/diva_plavalaguna__by_maucherr_dewew65-fullview.jpg",
    "author": 11,
    "created_at": "2023-03-29T00:01:06.766Z",
    "updated_at": "2023-03-29T00:01:06.766Z"
  }
},
{
  "model": "posts.post",
  "pk": 16,
  "fields": {
    "text": "",
    "image": "posts/Plavalaguna.jpeg",
    "author": 11,
    "created_at": "2023-03-29T00:02:38.178Z",
    "updated_at": "2023-03-29T00:02:38.178Z"
  }
},
{
  "model": "posts.post",
  "pk": 17,
  "fields": {
    "text": "",
    "image": "posts/cris.jpeg",
    "author": 8,
    "created_at": "2023-03-29T00:12:17.640Z",
    "updated_at": "2023-03-29T00:12:17.640Z"
  }
},
{
  "model": "posts.post",
  "pk": 18,
  "fields": {
    "text": "Tashkent Market",
    "image": "posts/IMG_8777.jpeg",
    "author": 2,
    "created_at": "2023-04-20T23:00:23.434Z",
    "updated_at": "2023-04-20T23:00:23.434Z"
  }
},
{
  "model": "posts.post",
  "pk": 21,
  "fields": {
    "text": "ILorem",
    "image": "posts/IMG_9969_yB01yIV.jpeg",
    "author": 2,
    "created_at": "2023-04-21T05:34:31.769Z",
    "updated_at": "2023-04-21T05:34:31.769Z"
  }
},
{
  "model": "posts.post",
  "pk": 27,
  "fields": {
    "text": "So me",
    "image": "posts/scale_1200.webp",
    "author": 7,
    "created_at": "2023-08-15T09:41:33.303Z",
    "updated_at": "2023-08-15T09:41:33.303Z"
  }
},
{
  "model": "posts.comment",
  "pk": 6,
  "fields": {
    "author": 1,
    "post": 5,
    "text": "WOW!",
    "created_at": "2023-03-28T07:17:21.119Z",
    "updated_at": "2023-03-28T07:17:21.119Z"
  }
},
{
  "model": "posts.comment",
  "pk": 7,
  "fields": {
    "author": 2,
    "post": 8,
    "text": "Еда я люблю тебя!",
    "created_at": "2023-03-28T14:56:11.389Z",
    "updated_at": "2023-04-21T12:32:30.602Z"
  }
},
{
  "model": "posts.comment",
  "pk": 8,
  "fields": {
    "author": 2,
    "post": 12,
    "text": "Great!",
    "created_at": "2023-03-28T22:05:35.964Z",
    "updated_at": "2023-03-28T22:05:35.964Z"
  }
},
{
  "model": "posts.comment",
  "pk": 9,
  "fields": {
    "author": 2,
    "post": 17,
    "text": "Super!",
    "created_at": "2023-03-29T00:25:35.231Z",
    "updated_at": "2023-03-29T00:25:35.231Z"
  }
},
{
  "model": "posts.comment",
  "pk": 11,
  "fields": {
    "author": 2,
    "post": 6,
    "text": "вау",
    "created_at": "2023-04-21T09:19:04.775Z",
    "updated_at": "2023-04-21T09:19:04.775Z"
  }
},
{
  "model": "posts.comment",
  "pk": 12,
  "fields": {
    "author": 2,
    "post": 13,
    "text": "Hello",
    "created_at": "2023-04-21T12:29:07.566Z",
    "updated_at": "2023-04-21T12:29:07.566Z"
  }
},
{
  "model": "posts.comment",
  "pk": 13,
  "fields": {
    "author": 2,
    "post": 8,
    "text": "wow",
    "created_at": "2023-05-05T16:12:25.760Z",
    "updated_at": "2023-05-05T16:12:25.760Z"
  }
},
{
  "model": "posts.comment",
  "pk": 14,
  "fields": {
    "author": 11,
    "post": 17,
    "text": "Wow",
    "created_at": "2023-08-10T04:40:12.526Z",
    "updated_at": "2023-08-10T04:40:12.526Z"
  }
},
{
  "model": "posts.like",
  "pk": 3,
  "fields": {
    "author": 2,
    "post": 5
  }
},
{
  "model": "posts.like",
  "pk": 4,
  "fields": {
    "author": 2,
    "post": 8
  }
},
{
  "model": "posts.like",
  "pk": 5,
  "fields": {
    "author": 2,
    "post": 13
  }
},
{
  "model": "posts.like",
  "pk": 6,
  "fields": {
    "author": 2,
    "post": 9
  }
},
{
  "model": "posts.like",
  "pk": 7,
  "fields": {
    "author": 2,
    "post": 12
  }
},
{
  "model": "posts.like",
  "pk": 8,
  "fields": {
    "author": 2,
    "post": 18
  }
},
{
  "model": "posts.like",
  "pk": 10,
  "fields": {
    "author": 2,
    "post": 13
  }
},
{
  "model": "posts.like",
  "pk": 11,
  "fields": {
    "author": 2,
    "post": 21
  }
},
{
  "model": "posts.like",
  "pk": 12,
  "fields": {
    "author": 2,
    "post": 21
  }
},
{
  "model": "posts.like",
  "pk": 13,
  "fields": {
    "author": 2,
    "post": 18
  }
},
{
  "model": "posts.like",
  "pk": 14,
  "fields": {
    "author": 2,
    "post": 17
  }
},
{
  "model": "posts.like",
  "pk": 15,
  "fields": {
    "author": 2,
    "post": 17
  }
},
{
  "model": "posts.like",
  "pk": 16,
  "fields": {
    "author": 2,
    "post": 8
  }
},
{
  "model": "posts.like",
  "pk": 17,
  "fields": {
    "author": 2,
    "post": 17
  }
},
{
  "model": "posts.like",
  "pk": 18,
  "fields": {
    "author": 2,
    "post": 17
  }
},
{
  "model": "posts.like",
  "pk": 19,
  "fields": {
    "author": 2,
    "post": 16
  }
},
{
  "model": "posts.like",
  "pk": 23,
  "fields": {
    "author": 11,
    "post": 18
  }
},
{
  "model": "posts.like",
  "pk": 28,
  "fields": {
    "author": 11,
    "post": 13
  }
},
{
  "model": "posts.like",
  "pk": 30,
  "fields": {
    "author": 11,
    "post": 12
  }
},
{
  "model": "posts.like",
  "pk": 31,
  "fields": {
    "author": 11,
    "post": 17
  }
},
{
  "model": "posts.like",
  "pk": 36,
  "fields": {
    "author": 11,
    "post": 21
  }
},
{
  "model": "posts.like",
  "pk": 37,
  "fields": {
    "author": 7,
    "post": 27
  }
}
]
